run_id,script,timestamp,ok,note
20260411_223141_main_full_GBM_DeepDPG_BsDelta_8aed84,main_full_GBM_DeepDPG_BsDelta,2026-04-11T22:38:27,1,
20260411_230526_main_full_GBM_DeepDPG_BsDelta_a01dff,main_full_GBM_DeepDPG_BsDelta,2026-04-11T23:32:38,1,
20260411_233838_main_smoke_GBM_DeepDPG_BsDelta_7bfd79,main_smoke_GBM_DeepDPG_BsDelta,2026-04-11T23:38:39,1,
20260411_234022_main_full_GBM_DeepDPG_BsDelta_176c2b,main_full_GBM_DeepDPG_BsDelta,2026-04-11T23:47:00,1,
20260411_235902_main_smoke_SABR_DeepDPG_BartlettDelta_3fcb18,main_smoke_SABR_DeepDPG_BartlettDelta,2026-04-11T23:59:03,1,
20260412_000451_main_full_GBM_DeepDPG_BsDelta_57c8e9,main_full_GBM_DeepDPG_BsDelta,2026-04-12T00:07:07,1,
20260412_000709_main_full_GBM_DeepDPG_BsDelta_224394,main_full_GBM_DeepDPG_BsDelta,2026-04-12T00:13:54,1,
20260412_001356_main_full_GBM_DeepDPG_BsDelta_752507,main_full_GBM_DeepDPG_BsDelta,2026-04-12T00:40:39,1,
20260412_011522_main_full_SABR_DeepDPG_BartlettDelta_d2ddb8,main_full_SABR_DeepDPG_BartlettDelta,2026-04-12T01:17:36,1,
20260412_011738_main_full_SABR_DeepDPG_BartlettDelta_ca7045,main_full_SABR_DeepDPG_BartlettDelta,2026-04-12T01:24:12,1,
20260412_012414_main_full_SABR_DeepDPG_BartlettDelta_884806,main_full_SABR_DeepDPG_BartlettDelta,2026-04-12T01:50:59,1,
20260412_172342_main_smoke_GBM_SkewDPG_BsDelta_25b793,main_smoke_GBM_SkewDPG_BsDelta,2026-04-12T17:23:43,1,
20260412_175232_main_smoke_GBM_DeepDPG_BsDelta_ce75e5,main_smoke_GBM_DeepDPG_BsDelta,2026-04-12T17:52:33,1,
20260412_175236_main_smoke_GBM_DeepDPG_BsDelta_0ce424,main_smoke_GBM_DeepDPG_BsDelta,2026-04-12T17:52:37,1,
20260412_175246_main_full_GBM_DeepDPG_BsDelta_3e1f57,main_full_GBM_DeepDPG_BsDelta,2026-04-12T17:55:03,1,
20260412_175509_main_full_GBM_DeepDPG_BsDelta_268c68,main_full_GBM_DeepDPG_BsDelta,2026-04-12T17:57:25,1,
20260412_181108_main_smoke_GBM_DeepDPG_BsDelta_3e1cd3,main_smoke_GBM_DeepDPG_BsDelta,2026-04-12T18:11:09,1,
20260412_181201_main_full_GBM_SkewDPG_BsDelta_2e971b,main_full_GBM_SkewDPG_BsDelta,2026-04-12T18:14:43,1,
20260412_184758_main_smoke_GBM_DeepDPG_BsDelta_66fe9d,main_smoke_GBM_DeepDPG_BsDelta,2026-04-12T18:47:59,1,
20260412_185118_main_full_SVJ_DeepDPG_BsDelta_a2057a,main_full_SVJ_DeepDPG_BsDelta,2026-04-12T18:53:33,1,
20260412_185414_main_full_SVJ_SkewDPG_BsDelta_3e7a28,main_full_SVJ_SkewDPG_BsDelta,2026-04-12T18:56:52,1,
20260412_190628_main_full_SVJ_SkewDPG_BsDelta_abfcdc,main_full_SVJ_SkewDPG_BsDelta,2026-04-12T19:09:13,1,
20260412_191808_main_full_SVJ_SkewDPG_BsDelta_bd9f95,main_full_SVJ_SkewDPG_BsDelta,2026-04-12T19:20:48,1,
20260412_192214_main_full_SVJ_SkewDPG_BsDelta_27a82f,main_full_SVJ_SkewDPG_BsDelta,2026-04-12T19:24:55,1,
20260412_193148_main_smoke_GBM_DeepDPG_BsDelta_d08b71,main_smoke_GBM_DeepDPG_BsDelta,2026-04-12T19:31:49,1,
20260412_193230_main_smoke_GBM_SkewDPG_BsDelta_393c91,main_smoke_GBM_SkewDPG_BsDelta,2026-04-12T19:32:31,1,
20260412_214738_GBM_DeepDPG_BsDelta_dfa225,GBM_DeepDPG_BsDelta,2026-04-12T21:49:01,1,
20260412_215159_GBM_DeepDPG_BsDelta_94b07a,GBM_DeepDPG_BsDelta,2026-04-12T21:56:13,1,
20260412_220103_GBM_DeepDPG_BsDelta_eccb7f,GBM_DeepDPG_BsDelta,2026-04-12T22:18:19,1,
20260412_223817_GBM_DeepDPG_BsDelta_02acd9,GBM_DeepDPG_BsDelta,2026-04-12T22:39:37,1,
20260412_224752_GBM_DeepDPG_BsDelta_21ba8a,GBM_DeepDPG_BsDelta,2026-04-12T22:49:15,1,
20260412_234723_GBM_DeepDPG_BsDelta_199584,GBM_DeepDPG_BsDelta,2026-04-12T23:48:21,1,
20260413_000727_GBM_DeepDPG_BsDelta_97abe7,GBM_DeepDPG_BsDelta,2026-04-13T00:08:22,1,
20260413_001042_GBM_DeepDPG_BsDelta_6b3273,GBM_DeepDPG_BsDelta,2026-04-13T00:12:55,1,
20260413_001909_GBM_DeepDPG_BsDelta_581f36,GBM_DeepDPG_BsDelta,2026-04-13T00:21:21,1,
20260413_002240_GBM_DeepDPG_BsDelta_978d2f,GBM_DeepDPG_BsDelta,2026-04-13T00:24:48,1,
20260413_003410_GBM_SkewDDPG_BsDelta_bf5ada,GBM_SkewDDPG_BsDelta,2026-04-13T00:37:06,1,
20260413_003913_SVJ_SkewDDPG_BsDelta_7f794f,SVJ_SkewDDPG_BsDelta,2026-04-13T00:42:10,1,
20260413_004414_SVJ_DeepDPG_BsDelta_138809,SVJ_DeepDPG_BsDelta,2026-04-13T00:46:29,1,
20260413_005047_SVJ_SkewDDPG_BsDelta_447d8b,SVJ_SkewDDPG_BsDelta,2026-04-13T00:53:42,1,
20260413_005929_GBM_DeepDPG_BsDelta_3662fc,GBM_DeepDPG_BsDelta,2026-04-13T01:01:39,1,
20260413_010141_GBM_DeepDPG_BsDelta_2f408e,GBM_DeepDPG_BsDelta,2026-04-13T01:03:51,1,
20260413_010353_GBM_DeepDPG_BsDelta_e01b9f,GBM_DeepDPG_BsDelta,2026-04-13T01:06:02,1,
20260413_010604_GBM_DeepDPG_BsDelta_b44204,GBM_DeepDPG_BsDelta,2026-04-13T01:12:27,1,
20260413_011229_GBM_DeepDPG_BsDelta_f0b843,GBM_DeepDPG_BsDelta,2026-04-13T01:18:45,1,
20260413_011847_GBM_DeepDPG_BsDelta_c7162e,GBM_DeepDPG_BsDelta,2026-04-13T01:25:02,1,
20260413_012504_GBM_DeepDPG_BsDelta_e3da1b,GBM_DeepDPG_BsDelta,2026-04-13T01:49:50,1,
20260413_014952_GBM_DeepDPG_BsDelta_479f29,GBM_DeepDPG_BsDelta,2026-04-13T02:14:45,1,
20260413_021447_GBM_DeepDPG_BsDelta_eda029,GBM_DeepDPG_BsDelta,2026-04-13T02:40:24,1,
20260413_024027_GBM_SkewDDPG_BsDelta_7b00b2,GBM_SkewDDPG_BsDelta,2026-04-13T02:43:20,1,
20260413_024322_GBM_SkewDDPG_BsDelta_5a7fba,GBM_SkewDDPG_BsDelta,2026-04-13T02:46:14,1,
20260413_024616_GBM_SkewDDPG_BsDelta_9e21de,GBM_SkewDDPG_BsDelta,2026-04-13T02:49:06,1,
20260413_024908_GBM_SkewDDPG_BsDelta_bf969f,GBM_SkewDDPG_BsDelta,2026-04-13T02:57:42,1,
20260413_025744_GBM_SkewDDPG_BsDelta_61e90b,GBM_SkewDDPG_BsDelta,2026-04-13T03:06:19,1,
20260413_030621_GBM_SkewDDPG_BsDelta_b8d177,GBM_SkewDDPG_BsDelta,2026-04-13T03:14:55,1,
20260413_031458_GBM_SkewDDPG_BsDelta_b1cd05,GBM_SkewDDPG_BsDelta,2026-04-13T03:48:26,1,
20260413_034832_GBM_SkewDDPG_BsDelta_a1a3b1,GBM_SkewDDPG_BsDelta,2026-04-13T04:22:51,1,
20260413_042253_GBM_SkewDDPG_BsDelta_9f9700,GBM_SkewDDPG_BsDelta,2026-04-13T04:57:41,1,
20260413_045743_SABR_DeepDPG_BartlettDelta_a2a560,SABR_DeepDPG_BartlettDelta,2026-04-13T04:59:53,1,
20260413_045955_SABR_DeepDPG_BartlettDelta_d54439,SABR_DeepDPG_BartlettDelta,2026-04-13T05:02:05,1,
20260413_050207_SABR_DeepDPG_BartlettDelta_d81a4e,SABR_DeepDPG_BartlettDelta,2026-04-13T05:04:17,1,
20260413_050420_SABR_DeepDPG_BartlettDelta_64209d,SABR_DeepDPG_BartlettDelta,2026-04-13T05:10:49,1,
20260413_051051_SABR_DeepDPG_BartlettDelta_fb76b2,SABR_DeepDPG_BartlettDelta,2026-04-13T05:17:17,1,
20260413_051719_SABR_DeepDPG_BartlettDelta_2fdd7f,SABR_DeepDPG_BartlettDelta,2026-04-13T05:23:46,1,
20260413_052347_SABR_DeepDPG_BartlettDelta_ca0075,SABR_DeepDPG_BartlettDelta,2026-04-13T05:49:39,1,
20260413_054941_SABR_DeepDPG_BartlettDelta_853d7a,SABR_DeepDPG_BartlettDelta,2026-04-13T06:15:21,1,
20260413_061524_SABR_DeepDPG_BartlettDelta_8936b1,SABR_DeepDPG_BartlettDelta,2026-04-13T06:41:07,1,
20260413_064110_SABR_SkewDDPG_BartlettDelta_803b61,SABR_SkewDDPG_BartlettDelta,2026-04-13T06:44:02,1,
20260413_064405_SABR_SkewDDPG_BartlettDelta_de0978,SABR_SkewDDPG_BartlettDelta,2026-04-13T06:46:57,1,
20260413_064659_SABR_SkewDDPG_BartlettDelta_132edf,SABR_SkewDDPG_BartlettDelta,2026-04-13T06:49:53,1,
20260413_064956_SABR_SkewDDPG_BartlettDelta_5b4b97,SABR_SkewDDPG_BartlettDelta,2026-04-13T06:58:33,1,
20260413_065835_SABR_SkewDDPG_BartlettDelta_d8a19a,SABR_SkewDDPG_BartlettDelta,2026-04-13T07:07:12,1,
20260413_070714_SABR_SkewDDPG_BartlettDelta_c26270,SABR_SkewDDPG_BartlettDelta,2026-04-13T07:15:50,1,
20260413_071552_SABR_SkewDDPG_BartlettDelta_73f3cf,SABR_SkewDDPG_BartlettDelta,2026-04-13T07:50:22,1,
20260413_075024_SABR_SkewDDPG_BartlettDelta_df81e2,SABR_SkewDDPG_BartlettDelta,2026-04-13T08:24:36,1,
20260413_082438_SABR_SkewDDPG_BartlettDelta_568889,SABR_SkewDDPG_BartlettDelta,2026-04-13T08:59:12,1,
20260413_085914_SVJ_DeepDPG_BsDelta_b204fb,SVJ_DeepDPG_BsDelta,2026-04-13T09:01:26,1,
20260413_090128_SVJ_DeepDPG_BsDelta_f340c3,SVJ_DeepDPG_BsDelta,2026-04-13T09:03:39,1,
20260413_090341_SVJ_DeepDPG_BsDelta_c9ecb9,SVJ_DeepDPG_BsDelta,2026-04-13T09:05:52,1,
20260413_090554_SVJ_DeepDPG_BsDelta_fcb640,SVJ_DeepDPG_BsDelta,2026-04-13T09:12:27,1,
20260413_091229_SVJ_DeepDPG_BsDelta_41d2dc,SVJ_DeepDPG_BsDelta,2026-04-13T09:18:58,1,
20260413_091900_SVJ_DeepDPG_BsDelta_f2a55c,SVJ_DeepDPG_BsDelta,2026-04-13T09:25:31,1,
20260413_092533_SVJ_DeepDPG_BsDelta_7cabeb,SVJ_DeepDPG_BsDelta,2026-04-13T09:52:48,1,
20260413_095251_SVJ_DeepDPG_BsDelta_5b58be,SVJ_DeepDPG_BsDelta,2026-04-13T10:19:26,1,
20260413_101929_SVJ_DeepDPG_BsDelta_07ecf9,SVJ_DeepDPG_BsDelta,2026-04-13T10:45:45,1,
20260413_104547_SVJ_SkewDDPG_BsDelta_d705a7,SVJ_SkewDDPG_BsDelta,2026-04-13T10:48:41,1,
20260413_104843_SVJ_SkewDDPG_BsDelta_8d7e75,SVJ_SkewDDPG_BsDelta,2026-04-13T10:51:37,1,
20260413_105139_SVJ_SkewDDPG_BsDelta_e62804,SVJ_SkewDDPG_BsDelta,2026-04-13T10:54:33,1,
20260413_105435_SVJ_SkewDDPG_BsDelta_5842bc,SVJ_SkewDDPG_BsDelta,2026-04-13T11:03:15,1,
20260413_110317_SVJ_SkewDDPG_BsDelta_54f850,SVJ_SkewDDPG_BsDelta,2026-04-13T11:11:58,1,
20260413_111200_SVJ_SkewDDPG_BsDelta_5dd80a,SVJ_SkewDDPG_BsDelta,2026-04-13T11:20:37,1,
20260413_112039_SVJ_SkewDDPG_BsDelta_22a1fc,SVJ_SkewDDPG_BsDelta,2026-04-13T11:55:30,1,
20260413_115532_SVJ_SkewDDPG_BsDelta_09226c,SVJ_SkewDDPG_BsDelta,2026-04-13T12:30:03,1,
20260413_123005_SVJ_SkewDDPG_BsDelta_bc12f4,SVJ_SkewDDPG_BsDelta,2026-04-13T13:04:47,1,
20260418_203318_GBM_SkewDDPG_BsDelta_98cc03,GBM_SkewDDPG_BsDelta,2026-04-18T20:36:12,1,
20260420_181152_SVJ_SkewDDPG_BsDelta_27c422,SVJ_SkewDDPG_BsDelta,2026-04-20T18:11:55,1,
20260420_181955_SVJ_SkewDDPG_BsDelta_c19ac3,SVJ_SkewDDPG_BsDelta,2026-04-20T18:19:58,1,
20260420_193240_SVJ_SkewDDPG_BsDelta_c75f5a,SVJ_SkewDDPG_BsDelta,2026-04-20T19:32:44,1,
20260420_194219_SVJ_SkewDDPG_BsDelta_9c60d3,SVJ_SkewDDPG_BsDelta,2026-04-20T19:42:23,1,
20260420_195217_SVJ_SkewDDPG_BsDelta_508df3,SVJ_SkewDDPG_BsDelta,2026-04-20T19:52:21,1,
20260420_205038_SVJ_SkewDDPG_BsDelta_b395a8,SVJ_SkewDDPG_BsDelta,2026-04-20T20:50:40,1,
20260420_222452_SVJ_SkewDDPG_BsDelta_37a447,SVJ_SkewDDPG_BsDelta,2026-04-20T22:24:56,1,
20260420_222532_SVJ_SkewDDPG_BsDelta_a8eae5,SVJ_SkewDDPG_BsDelta,2026-04-20T22:28:19,1,
20260420_223120_SVJ_SkewDDPG_BsDelta_0ec6f3,SVJ_SkewDDPG_BsDelta,2026-04-20T22:34:09,1,
20260420_223825_SVJ_DeepDPG_BsDelta_d9c002,SVJ_DeepDPG_BsDelta,2026-04-20T22:40:32,1,
20260420_224307_GBM_DeepDPG_BsDelta_040732,GBM_DeepDPG_BsDelta,2026-04-20T22:45:13,1,
20260421_094708_GBM_DeepDPG_BsDelta_f012d7,GBM_DeepDPG_BsDelta,2026-04-21T09:49:32,1,
20260421_095504_GBM_DeepDPG_BsDelta_ec59a5,GBM_DeepDPG_BsDelta,2026-04-21T09:59:51,1,
20260421_100245_GBM_DeepDPG_BsDelta_b90951,GBM_DeepDPG_BsDelta,2026-04-21T10:07:36,1,
20260421_101034_GBM_DeepDPG_BsDelta_7a6bc6,GBM_DeepDPG_BsDelta,2026-04-21T10:15:14,1,
20260421_104108_GBM_DeepDPG_BsDelta_593228,GBM_DeepDPG_BsDelta,2026-04-21T10:54:37,1,
20260421_105439_GBM_DeepDPG_BsDelta_e40691,GBM_DeepDPG_BsDelta,2026-04-21T11:21:08,1,
20260421_112110_GBM_DeepDPG_BsDelta_060aac,GBM_DeepDPG_BsDelta,2026-04-21T11:30:05,1,
20260421_113007_GBM_DeepDPG_BsDelta_b84ef2,GBM_DeepDPG_BsDelta,2026-04-21T11:39:02,1,
20260421_113904_GBM_DeepDPG_BsDelta_ad5a9f,GBM_DeepDPG_BsDelta,2026-04-21T11:48:12,1,
20260421_114814_GBM_DeepDPG_BsDelta_15dc65,GBM_DeepDPG_BsDelta,2026-04-21T12:05:58,1,
20260421_120600_GBM_DeepDPG_BsDelta_76e9b2,GBM_DeepDPG_BsDelta,2026-04-21T12:23:48,1,
20260421_122350_GBM_DeepDPG_BsDelta_18abba,GBM_DeepDPG_BsDelta,2026-04-21T12:41:34,1,
20260421_124136_GBM_DeepDPG_BsDelta_ec5a56,GBM_DeepDPG_BsDelta,2026-04-21T13:17:10,1,
20260421_131712_GBM_DeepDPG_BsDelta_7fd3b4,GBM_DeepDPG_BsDelta,2026-04-21T13:52:35,1,
20260421_135237_GBM_DeepDPG_BsDelta_74fe9a,GBM_DeepDPG_BsDelta,2026-04-21T14:27:29,1,
20260421_142731_GBM_DeepDPG_BsDelta_1c382e,GBM_DeepDPG_BsDelta,2026-04-21T14:54:05,1,
20260421_145914_GBM_DeepDPG_BsDelta_4015e6,GBM_DeepDPG_BsDelta,2026-04-21T15:51:01,1,
20260421_172414_GBM_DeepDPG_BsDelta_7ebe8d,GBM_DeepDPG_BsDelta,2026-04-21T17:26:36,1,
20260421_173037_GBM_DeepDPG_BsDelta_add8da,GBM_DeepDPG_BsDelta,2026-04-21T17:44:56,1,
20260421_180042_GBM_DeepDPG_BsDelta_45d64c,GBM_DeepDPG_BsDelta,2026-04-21T18:03:10,1,
20260421_180745_GBM_DeepDPG_BsDelta_76f9d2,GBM_DeepDPG_BsDelta,2026-04-21T18:10:03,1,
20260421_181630_GBM_DeepDPG_BsDelta_d62465,GBM_DeepDPG_BsDelta,2026-04-21T18:18:41,1,
20260421_181951_GBM_DeepDPG_BsDelta_ec7425,GBM_DeepDPG_BsDelta,2026-04-21T18:21:58,1,
20260421_182812_GBM_DeepDPG_BsDelta_86e74b,GBM_DeepDPG_BsDelta,2026-04-21T19:10:28,1,
20260421_193934_GBM_DeepDPG_BsDelta_e748b0,GBM_DeepDPG_BsDelta,2026-04-21T21:44:55,1,
20260422_110550_GBM_DeepDPG_BsDelta_24cec7,GBM_DeepDPG_BsDelta,2026-04-22T11:07:09,1,
20260422_110835_GBM_DeepDPG_BsDelta_aa5b7b,GBM_DeepDPG_BsDelta,2026-04-22T11:09:52,1,
20260422_111251_GBM_DeepDPG_BsDelta_227184,GBM_DeepDPG_BsDelta,2026-04-22T11:14:57,1,
20260422_112049_GBM_DeepDPG_BsDelta_207356,GBM_DeepDPG_BsDelta,2026-04-22T11:20:49,1,
20260422_112756_GBM_DeepDPG_BsDelta_5e1460,GBM_DeepDPG_BsDelta,2026-04-22T11:27:56,1,
20260422_113307_GBM_DeepDPG_BsDelta_124be8,GBM_DeepDPG_BsDelta,2026-04-22T11:35:12,1,
20260422_113824_GBM_DeepDPG_BsDelta_5f5b92,GBM_DeepDPG_BsDelta,2026-04-22T11:40:31,1,
20260422_114408_GBM_DeepDPG_BsDelta_73a623,GBM_DeepDPG_BsDelta,2026-04-22T11:46:15,1,
20260422_115203_GBM_DeepDPG_BsDelta_29ab17,GBM_DeepDPG_BsDelta,2026-04-22T11:52:03,1,
20260422_124224_GBM_DeepDPG_BsDelta_374d07,GBM_DeepDPG_BsDelta,2026-04-22T12:42:24,1,
20260422_124309_GBM_DeepDPG_BsDelta_949674,GBM_DeepDPG_BsDelta,2026-04-22T12:45:10,1,
20260422_124628_GBM_DeepDPG_BsDelta_2ea82d,GBM_DeepDPG_BsDelta,2026-04-22T12:48:28,1,
20260422_125050_GBM_DeepDPG_BsDelta_dc3c11,GBM_DeepDPG_BsDelta,2026-04-22T12:52:56,1,
20260422_131547_GBM_DeepDPG_BsDelta_ee19d2,GBM_DeepDPG_BsDelta,2026-04-22T13:17:46,1,
20260422_132403_GBM_DeepDPG_BsDelta_95caf7,GBM_DeepDPG_BsDelta,2026-04-22T13:26:05,1,
20260422_132748_GBM_DeepDPG_BsDelta_8af941,GBM_DeepDPG_BsDelta,2026-04-22T13:29:46,1,
20260422_151313_GBM_DeepDPG_BsDelta_4c7fc5,GBM_DeepDPG_BsDelta,2026-04-22T15:15:35,1,
20260422_152241_GBM_DeepDPG_BsDelta_0d40b6,GBM_DeepDPG_BsDelta,2026-04-22T15:23:19,1,
20260422_152429_GBM_DeepDPG_BsDelta_8966c8,GBM_DeepDPG_BsDelta,2026-04-22T15:25:35,1,
20260422_153137_GBM_DeepDPG_BsDelta_9ae781,GBM_DeepDPG_BsDelta,2026-04-22T15:32:36,1,
20260422_153355_GBM_DeepDPG_BsDelta_45940d,GBM_DeepDPG_BsDelta,2026-04-22T15:34:56,1,
20260422_153604_GBM_DeepDPG_BsDelta_70b934,GBM_DeepDPG_BsDelta,2026-04-22T15:37:11,1,
20260422_153804_GBM_DeepDPG_BsDelta_db503e,GBM_DeepDPG_BsDelta,2026-04-22T15:39:14,1,
20260422_154341_GBM_DeepDPG_BsDelta_952d7b,GBM_DeepDPG_BsDelta,2026-04-22T15:44:55,1,
20260422_154825_GBM_DeepDPG_BsDelta_858813,GBM_DeepDPG_BsDelta,2026-04-22T15:49:37,1,
20260422_160222_GBM_DeepDPG_BsDelta_0bcdb8,GBM_DeepDPG_BsDelta,2026-04-22T16:03:40,1,
20260422_160416_GBM_DeepDPG_BsDelta_6476ae,GBM_DeepDPG_BsDelta,2026-04-22T16:05:33,1,
20260422_160617_GBM_DeepDPG_BsDelta_2dfe61,GBM_DeepDPG_BsDelta,2026-04-22T16:07:30,1,
20260422_235540_GBM_DeepDPG_BsDelta_de6b34,GBM_DeepDPG_BsDelta,2026-04-22T23:56:36,1,
20260423_000555_GBM_DeepDPG_BsDelta_67a4a6,GBM_DeepDPG_BsDelta,2026-04-23T00:06:48,1,
20260423_001039_GBM_DeepDPG_BsDelta_9117af,GBM_DeepDPG_BsDelta,2026-04-23T00:12:59,1,
20260423_001349_GBM_DeepDPG_BsDelta_61a47d,GBM_DeepDPG_BsDelta,2026-04-23T00:14:59,1,
20260423_001544_GBM_DeepDPG_BsDelta_d45a86,GBM_DeepDPG_BsDelta,2026-04-23T00:16:58,1,
20260423_100651_GBM_DeepDPG_BsDelta_0b5368,GBM_DeepDPG_BsDelta,2026-04-23T10:08:07,1,
20260423_114415_GBM_DeepDPG_BsDelta_64d79d,GBM_DeepDPG_BsDelta,2026-04-23T11:45:28,1,
20260423_114812_GBM_DeepDPG_BsDelta_c7f9b3,GBM_DeepDPG_BsDelta,2026-04-23T11:50:36,1,
20260423_115132_GBM_DeepDPG_BsDelta_727b3d,GBM_DeepDPG_BsDelta,2026-04-23T11:52:07,1,
20260423_115501_GBM_DeepDPG_BsDelta_028af5,GBM_DeepDPG_BsDelta,2026-04-23T11:55:36,1,
20260423_115651_GBM_DeepDPG_BsDelta_8450a7,GBM_DeepDPG_BsDelta,2026-04-23T11:57:26,1,
20260423_123856_GBM_DeepDPG_BsDelta_9d72f4,GBM_DeepDPG_BsDelta,2026-04-23T12:40:09,1,
20260423_124114_GBM_DeepDPG_BsDelta_33e8ff,GBM_DeepDPG_BsDelta,2026-04-23T12:43:00,1,
20260423_125717_GBM_DeepDPG_BsDelta_a88a7b,GBM_DeepDPG_BsDelta,2026-04-23T12:58:30,1,
20260423_130839_GBM_DeepDPG_BsDelta_c3fdf9,GBM_DeepDPG_BsDelta,2026-04-23T13:10:57,1,
20260423_131633_GBM_DeepDPG_BsDelta_794bf3,GBM_DeepDPG_BsDelta,2026-04-23T13:18:50,1,
20260423_132334_GBM_DeepDPG_BsDelta_cc1b6b,GBM_DeepDPG_BsDelta,2026-04-23T13:25:02,1,
20260423_133012_GBM_DeepDPG_BsDelta_d0bb34,GBM_DeepDPG_BsDelta,2026-04-23T13:34:15,1,
20260423_133624_GBM_DeepDPG_BsDelta_87bcb1,GBM_DeepDPG_BsDelta,2026-04-23T13:37:40,1,
20260423_134439_SABR_DeepDPG_BsDelta_19b873,SABR_DeepDPG_BsDelta,2026-04-23T13:45:54,1,
20260423_134928_SABR_DeepDPG_BsDelta_116b4c,SABR_DeepDPG_BsDelta,2026-04-23T13:53:05,1,
20260423_140824_GBM_DeepDPG_BsDelta_50b479,GBM_DeepDPG_BsDelta,2026-04-23T14:09:33,1,
20260423_141729_GBM_DeepDPG_BsDelta_0cc27f,GBM_DeepDPG_BsDelta,2026-04-23T14:18:42,1,
20260423_142052_GBM_SkewDDPG_BsDelta_e40195,GBM_SkewDDPG_BsDelta,2026-04-23T14:22:16,1,
20260423_150158_GBM_SkewDDPG_BsDelta_45863d,GBM_SkewDDPG_BsDelta,2026-04-23T15:03:28,1,
20260423_150509_GBM_SkewDDPG_BsDelta_1a2c77,GBM_SkewDDPG_BsDelta,2026-04-23T15:06:39,1,
20260423_150847_SVJ_DeepDPG_BsDelta_8ab173,SVJ_DeepDPG_BsDelta,2026-04-23T15:10:57,1,
20260423_151135_SVJ_DeepDPG_BsDelta_898c00,SVJ_DeepDPG_BsDelta,2026-04-23T15:13:47,1,
20260423_151447_SVJ_SkewDDPG_BsDelta_3d7113,SVJ_SkewDDPG_BsDelta,2026-04-23T15:17:33,1,
20260423_151944_SVJ_SkewDDPG_BsDelta_780afe,SVJ_SkewDDPG_BsDelta,2026-04-23T15:22:26,1,
20260423_152423_SVJ_SkewDDPG_BsDelta_722921,SVJ_SkewDDPG_BsDelta,2026-04-23T15:27:09,1,
20260423_155334_SVJ_DeepDPG_BsDelta_acd23e,SVJ_DeepDPG_BsDelta,2026-04-23T15:55:43,1,
20260423_155741_SVJ_SkewDDPG_BsDelta_bdc57f,SVJ_SkewDDPG_BsDelta,2026-04-23T16:00:23,1,
20260423_162811_SVJ_SkewDDPG_BsDelta_def193,SVJ_SkewDDPG_BsDelta,2026-04-23T16:30:57,1,
20260423_163450_SVJ_SkewDDPG_BsDelta_928d1b,SVJ_SkewDDPG_BsDelta,2026-04-23T16:38:10,1,
20260423_164539_SVJ_SkewDDPG_BsDelta_0b341d,SVJ_SkewDDPG_BsDelta,2026-04-23T16:53:39,1,
20260423_170808_SVJ_DeepDPG_BsDelta_43a236,SVJ_DeepDPG_BsDelta,2026-04-23T17:14:34,1,
20260423_180544_GBM_QRDDPG_BsDelta_3b97cc,GBM_QRDDPG_BsDelta,2026-04-23T18:10:39,1,
20260423_181339_GBM_DeepDPG_BsDelta_b19a01,GBM_DeepDPG_BsDelta,2026-04-23T18:17:02,1,
20260424_001047_GBM_DeepDPG_BsDelta_a76382,GBM_DeepDPG_BsDelta,2026-04-24T00:11:56,1,
20260424_004049_GBM_QRDDPG_BsDelta_db3300,GBM_QRDDPG_BsDelta,2026-04-24T00:43:56,1,
20260424_004955_GBM_DeepDPG_BsDelta_8936c1,GBM_DeepDPG_BsDelta,2026-04-24T00:52:06,1,
20260424_005425_GBM_DeepDPG_BsDelta_348ff3,GBM_DeepDPG_BsDelta,2026-04-24T00:56:36,1,
